z(lu),Bx(G)
49.0,-0.5
48.8,-0.5
48.6,-0.5
48.4,-0.5
48.2,-0.5
48.0,-0.5
47.8,-0.5
47.6,-0.5
47.4,-0.3
47.2,-0.3
47.0,-0.3
46.8,-0.3
46.6,-0.3
46.4,-0.3
46.2,-0.5
46.0,-0.5
45.8,-0.3
45.6,-0.6
45.4,-0.5
45.2,-0.5
45.0,-0.5
44.8,-0.5
44.6,-0.3
44.4,-0.5
44.2,-0.3
44.0,-0.5
43.8,-0.5
43.6,-0.6
43.4,-0.6
43.2,-0.6
43.0,-0.5
42.8,-0.5
42.6,-0.5
42.4,-0.5
42.2,-0.5
42.0,-0.6
41.8,-0.3
41.6,-0.5
41.4,-0.5
41.2,-0.5
41.0,-0.5
40.8,-0.5
40.6,-0.6
40.4,-0.5
40.2,-0.5
40.0,-0.5
39.8,-0.5
39.6,-0.5
39.4,-0.6
39.2,-0.6
39.0,-0.5
38.8,-0.5
38.6,-0.3
38.4,-0.5
38.2,-0.5
38.0,-0.5
37.8,-0.6
37.6,-0.6
37.4,-0.8
37.2,-0.9
37.0,-0.9
36.9,-0.9
36.8,-0.9
36.7,-0.9
36.6,-0.9
36.5,-0.6
36.4,-0.8
36.3,-0.8
36.2,-0.8
36.1,-0.9
36.0,-0.9
35.9,-0.9
35.8,-0.9
35.7,-0.9
35.6,-0.9
35.4,-0.9
35.2,-1.1
35.0,-1.1
34.8,-1.2
34.6,-1.2
34.4,-1.1
34.2,-1.1
34.0,-1.1
33.8,-1.1
33.6,-1.2
33.4,-1.2
33.2,-1.4
33.0,-1.4
32.8,-1.2
32.6,-1.4
32.4,-1.4
32.2,-1.4
32.0,-1.5
31.8,-1.5
31.6,-1.7
31.4,-1.8
31.2,-1.7
31.0,-1.7
30.8,-1.8
30.6,-1.8
30.4,-1.8
30.2,-1.9
30.0,-1.8
29.8,-1.9
29.6,-1.8
29.4,-1.9
29.2,-1.8
29.0,-1.8
28.8,-1.8
28.6,-1.7
28.4,-1.8
28.2,-1.8
28.0,-1.8
27.8,-1.7
27.6,-1.5
27.4,-1.4
27.2,-1.4
27.0,-1.2
26.9,-1.1
26.8,-0.9
26.7,-0.9
26.6,-0.9
26.5,-0.8
26.4,-0.8
26.3,-0.8
26.2,-0.9
26.1,-0.8
26.0,-0.6
25.9,-0.6
25.8,-0.5
25.7,-0.3
25.6,-0.5
25.5,-0.3
25.4,-0.2
25.3,-0.2
25.2,-0.2
25.1,-0.2
25.0,0.0
24.9,0.0
24.8,0.1
24.7,0.1
24.6,0.1
24.5,0.1
24.4,0.0
24.3,0.0
24.2,0.0
24.1,0.2
24.0,0.2
23.9,0.2
23.8,0.2
23.7,0.4
23.6,0.5
23.5,0.4
23.4,0.5
23.3,0.5
23.2,0.5
23.1,0.5
23.0,0.5
22.9,0.5
22.8,0.5
22.7,0.5
22.6,0.5
22.5,0.4
22.4,0.5
22.3,0.4
22.2,0.5
22.1,0.5
22.0,0.5
21.9,0.4
21.8,0.5
21.7,0.4
21.6,0.5
21.5,0.4
21.4,0.2
21.3,0.2
21.2,0.2
21.1,0.2
21.0,0.2
20.9,0.2
20.8,0.4
20.7,0.2
20.6,0.2
20.5,0.1
20.4,0
20.3,0.1
20.2,0
20.1,0
20.0,0.1
19.9,0.1
19.8,0.1
19.7,0
19.6,0.1
19.4,0
19.2,0
19.0,-0.2
18.8,-0.2
18.6,0
18.4,-0.2
18.2,-0.2
18.0,-0.3
17.8,-0.2
17.6,-0.3
17.4,-0.3
17.2,-0.3
17.0,-0.3
16.8,-0.3
16.6,-0.5
16.4,-0.6
16.2,-0.5
16.0,-0.6
15.8,-0.5
15.6,-0.5
15.4,-0.5
15.2,-0.5
15.0,-0.3
14.8,-0.5
14.6,-0.3
14.4,-0.5
14.2,-0.6
14.0,-0.6
13.8,-0.6
13.6,-0.6
13.4,-0.5
13.2,-0.6
13.0,-0.3
12.8,-0.5
12.6,-0.2
12.4,-0.2
12.2,-0.3
12.0,-0.3
11.8,-0.3
11.6,-0.3
11.4,-0.2
11.2,-0.3
11.0,-0.3
10.5,-0.3
10.0,-0.5
9.5,-0.5
9.0,-0.5
8.5,-0.6
8.0,-0.5
7.5,-0.5
7.0,-0.5
6.5,-0.6
6.0,-0.5
5.5,-0.5
5.0,-0.6
4.5,-0.4
4.0,-0.5
3.5,-0.5
3.0,-0.3
2.5,-0.6
2.0,-0.5
1.5,-0.5