z(lu),Bz(G)
49.0,0.0
48.8,0.0
48.6,0.0
48.4,0.1
48.2,0.1
48.0,0.1
47.8,0.1
47.6,0.0
47.4,-0.2
47.2,-0.2
47.0,0.0
46.8,-0.2
46.6,-0.2
46.4,0.0
46.2,0.1
46.0,0.0
45.8,-0.2
45.6,-0.2
45.4,-0.2
45.2,-0.2
45.0,0.0
44.8,0.0
44.6,0.0
44.4,0.1
44.2,0.0
44.0,-0.2
43.8,0.1
43.6,0.2
43.4,0.2
43.2,0.2
43.0,0.2
42.8,0.5
42.6,0.2
42.4,0.4
42.2,0.5
42.0,0.4
41.8,0.4
41.6,0.4
41.4,0.4
41.2,0.5
41.0,0.5
40.8,0.7
40.6,0.8
40.4,0.8
40.2,1.0
40.0,1.1
39.8,1.3
39.6,1.4
39.4,1.6
39.2,1.7
39.0,2.0
38.8,2.3
38.6,2.6
38.4,2.7
38.2,3.0
38.0,3.3
37.8,3.4
37.6,3.6
37.4,4.0
37.2,4.3
37.0,5.1
36.8,5.5
36.6,6.1
36.4,6.7
36.2,7.4
36.0,8.1
35.8,8.8
35.6,9.6
35.4,10.6
35.2,11.6
35.0,12.9
34.8,14.2
34.6,15.4
34.4,16.7
34.2,17.7
34.0,19.3
33.8,20.5
33.6,21.7
33.4,22.5
33.2,23.3
33.0,24.0
32.8,24.4
32.6,24.6
32.4,24.9
32.2,24.7
32.0,24.4
31.8,23.9
31.6,23.1
31.4,22.4
31.2,21.4
31.0,20.2
30.8,19.0
30.6,17.6
30.4,16.0
30.2,14.7
30.0,13.2
29.8,12.0
29.6,10.4
29.4,9.6
29.2,8.3
29.0,7.2
28.8,6.5
28.6,5.6
28.4,4.9
28.2,4.2
28.0,3.3
27.8,2.9
27.6,2.0
27.4,1.6
27.2,1.3
27.0,0.5
26.8,0.0
26.6,-0.5
26.4,-1.1
26.2,-1.5
26.0,-2.2
25.8,-2.7
25.6,-3.4
25.4,-4.0
25.2,-4.6
25.0,-5.3
24.8,-5.9
24.6,-6.9
24.4,-7.8
24.2,-8.9
24.0,-10.0
23.8,-11.0
23.6,-12.6
23.4,-13.9
23.2,-15.4
23.0,-16.8
22.8,-17.7
22.6,-19.3
22.4,-20.9
22.2,-21.9
22.0,-23.1
21.8,-24.0
21.6,-24.5
21.4,-25.1
21.2,-25.3
21.0,-25.3
20.8,-25.1
20.6,-24.5
20.4,-24.1
20.2,-23.2
20.0,-22.1
19.8,-20.6
19.6,-19.7
19.4,-18.3
19.2,-17.0
19.0,-16.7
18.8,-15.4
18.6,-14.2
18.4,-13.0
18.2,-11.9
18.0,-10.8
17.8,-9.8
17.6,-8.9
17.4,-8.2
17.2,-7.5
17.0,-6.8
16.8,-6.3
16.6,-5.7
16.4,-5.3
16.2,-4.9
16.0,-4.4
15.8,-4.1
15.6,-3.7
15.4,-3.5
15.2,-3.3
15.0,-3.1
14.8,-2.8
14.6,-2.5
14.4,-2.4
14.2,-2.2
14.0,-2.1
13.8,-2.1
13.6,-1.8
13.4,-1.7
13.2,-1.5
13.0,-1.7
12.8,-1.8
12.6,-1.7
12.4,-1.5
12.2,-1.4
12.0,-1.5
11.8,-1.2
11.6,-1.4
11.4,-1.2
11.2,-1.1
11.0,-1.1
10.8,-1.1
10.6,-1.2
10.4,-1.1
10.2,-1.2
10.0,-0.9
9.8,-0.9
9.6,-0.9
9.4,-1.1
9.2,-0.9
9.0,-0.8
8.8,-0.8
8.6,-0.8
8.4,-0.9
8.2,-0.8
8.0,-0.8
7.8,-0.9
7.6,-0.9
7.4,-0.8
7.2,-0.6
7.0,-0.5
6.8,-0.5
6.6,-0.3
6.4,-0.3
6.2,-0.5
6.0,-0.3
5.8,-0.5
5.6,-0.3
5.4,-0.5
5.2,-0.5
5.0,-0.3
4.8,-0.5
4.6,-0.3
4.4,-0.5
4.2,-0.6
4.0,-0.6
3.8,-0.5
3.6,-0.5
3.4,-0.6
3.2,-0.5
3.0,-0.5
2.8,-0.5
2.6,-0.3
2.4,-0.3
2.2,-0.5
2.0,-0.5
1.8,-0.3
1.6,-0.5
1.4,-0.5