z(m),B(G)
-0.022905770761790192,0.0
-0.020901405901275042,0.2
-0.018897041040759923,0.2
-0.01689267618024477,0.3
-0.014888311319729652,0.3
-0.012883946459214535,0.3
-0.010879581598699417,0.2
-0.008875216738184264,0.3
-0.006870851877669111,0.6000000000000001
-0.004866487017153993,0.49999999999999994
-0.0028621221566388754,0.6000000000000001
-0.0008577572961237578,0.6000000000000001
0.0011466075643913598,0.6000000000000001
0.003150972424906513,0.8
0.005155337285421666,1.1
0.007159702145936784,1.1
0.009164067006451901,1.2
0.011168431866967019,1.5
0.013172796727482172,1.6
0.01517716158799729,2.0999999999999996
0.01718152644851244,2.1999999999999997
0.01918589130902756,2.5
0.02119025616954268,2.6999999999999997
0.02319462103005783,3.0
0.02519898589057295,3.1999999999999997
0.027203350751088068,3.5
0.02920771561160322,4.0
0.031212080472118337,4.3999999999999995
0.03321644533263349,4.7
0.035220810193148606,5.1
0.037225175053663725,5.6
0.039229539914178845,6.3
0.041233904774694,6.6
0.04323826963520915,7.0
0.04524263449572427,7.3
0.04724699935623938,7.6
0.0492513642167545,7.8
0.05125572907726962,8.100000000000001
0.05326009393778481,8.3
0.05526445879829993,8.200000000000001
0.05726882365881505,8.3
0.059273188519330194,8.100000000000001
0.06127755337984528,8.100000000000001
0.06328191824036043,7.8999999999999995
0.06528628310087554,7.6
0.0672906479613907,7.3
0.06929501282190585,7.0
0.07129937768242094,6.7
0.07330374254293609,6.3
0.07530810740345117,5.7
0.07731247226396633,5.3
0.07931683712448148,5.0
0.08132120198499657,4.3999999999999995
0.08332556684551172,4.0
0.08532993170602687,3.6999999999999997
0.08733429656654203,3.4
0.08933866142705718,3.0
0.09134302628757225,2.6999999999999997
0.0933473911480874,2.1999999999999997
0.09535175600860249,2.0999999999999996
0.09735612086911764,1.9000000000000001
0.0993604857296328,1.8
0.10136485059014788,1.6
0.10336921545066304,1.4000000000000001
0.10537358031117812,1.4000000000000001
0.10737794517169327,1.1
0.1093823100322085,0.9000000000000001
0.11138667489272358,0.9000000000000001
0.11339103975323873,0.8
0.1153954046137538,0.6000000000000001
0.11739976947426896,0.3
0.11940413433478411,0.3
0.1214084991952992,0.2
0.12341286405581435,0.2
0.12541722891632945,0.2
0.1274215937768446,0.2
0.12942595863735973,0.0
0.1314303234978748,0.0
0.13343468835839004,-0.1
0.13543905321890512,-0.1
0.1374434180794203,0.0
