x(m),B(G)
-0.24686681756974238,0.0
-0.24185590541845456,0.0
-0.23684499326716676,-0.09999999999999998
-0.23183408111587891,0.2
-0.2268231689645911,0.0
-0.22181225681330324,0.0
-0.21680134466201545,0.09999999999999998
-0.21179043251072763,-0.09999999999999998
-0.20677952035943978,0.0
-0.20176860820815196,0.0
-0.1967576960568641,-0.09999999999999998
-0.1917467839055763,0.0
-0.1867358717542885,0.0
-0.18172495960300064,0.0
-0.17671404745171285,-0.09999999999999998
-0.171703135300425,0.0
-0.16669222314913718,0.0
-0.16168131099784935,0.0
-0.15667039884656153,0.2
-0.15165948669527368,0.2
-0.14965512183475857,0.2
-0.14765075697424343,0.3
-0.1456463921137283,0.2
-0.14364202725321318,0.2
-0.14163766239269804,0.2
-0.1396332975321829,0.2
-0.1376289326716678,0.3
-0.13562456781115265,0.3
-0.1336202029506375,0.0
-0.1316158380901224,0.2
-0.12961147322960728,-0.09999999999999998
-0.12760710836909211,0.0
-0.125602743508577,-0.09999999999999998
-0.12359837864806186,-0.09999999999999998
-0.12159401378754675,-0.09999999999999998
-0.11958964892703161,-0.09999999999999998
-0.11758528406651647,0.0
-0.11558091920600136,0.2
-0.1135765543454862,0.0
-0.1115721894849711,0.2
-0.10956782462445597,0.0
-0.10756345976394081,0.0
-0.1055590949034257,0.0
-0.10355473004291056,0.0
-0.10155036518239542,-0.09999999999999998
-0.09954600032188031,0.0
-0.0975416354613652,-0.09999999999999998
-0.09553727060085002,0.0
-0.0935329057403349,0.2
-0.09152854087981979,0.2
-0.08952417601930465,0.2
-0.08751981115878955,0.2
-0.08551544629827436,0.2
-0.08351108143775925,0.3
-0.08150671657724412,0.2
-0.07950235171672898,0.3
-0.07749798685621385,0.3
-0.0754936219956987,0.5
-0.07348925713518359,0.3
-0.07148489227466846,0.3
-0.06948052741415335,0.5
-0.0674761625536382,0.5
-0.06547179769312304,0.6
-0.0644696152628655,0.5
-0.06346743283260793,0.6
-0.06246525040235038,0.6
-0.061463067972092805,0.6
-0.060460885541835235,0.5
-0.05945870311157769,0.5
-0.058456520681320116,0.6
-0.057454338251062574,0.5
-0.05645215582080496,0.6
-0.055449973390547386,0.7
-0.054447790960289844,0.7
-0.05344560853003227,0.9
-0.052443426099774725,0.7
-0.05144124366951715,0.7
-0.05043906123925957,0.7
-0.04943687880900203,0.7
-0.04843469637874445,0.7
-0.04743251394848692,0.7
-0.04643033151822934,0.9
-0.04542814908797176,1.0
-0.04442596665771422,0.9
-0.04342378422745661,1.0
-0.04242160179719907,0.9
-0.04141941936694149,1.0
-0.04041723693668391,1.0
-0.03941505450642637,1.0
-0.038412872076168794,0.9
-0.03741068964591125,1.0
-0.036408507215653675,0.9
-0.0354063247853961,1.0
-0.03440414235513856,1.0
-0.033401959924880986,1.0
-0.032399777494623444,1.0
-0.03139759506436583,1.0
-0.030395412634108256,1.0
-0.029393230203850713,1.0
-0.028391047773593137,1.0
-0.027388865343335594,1.0
-0.026386682913078018,0.9
-0.02538450048282044,1.0
-0.024382318052562902,0.9
-0.023380135622305325,0.7
-0.022377953192047783,0.7
-0.021375770761790206,0.7
-0.02037358833153263,0.7
-0.019371405901275052,0.5
-0.01836922347101748,0.5
-0.017367041040759937,0.5
-0.01636485861050236,0.6
-0.015362676180244783,0.6
-0.014360493749987243,0.6
-0.013358311319729666,0.6
-0.012356128889472124,0.5
-0.011353946459214549,0.5
-0.010351764028956972,0.3
-0.00934958159869943,0.3
-0.008347399168441854,0.3
-0.007345216738184277,0.3
-0.006343034307926701,0.2
-0.005340851877669124,0.0
-0.0043386694474115825,0.2
-0.003336487017154006,0.0
-0.002334304586896465,-0.09999999999999998
-0.0013321221566388885,-0.09999999999999998
-0.000329939726381312,-0.30000000000000004
0.0006722427038762291,-0.4
0.0016744251341338056,-0.30000000000000004
0.0026766075643913467,-0.30000000000000004
0.003678789994648923,-0.30000000000000004
0.0046809724249065,-0.4
0.005683154855164077,-0.4
0.006685337285421653,-0.4
0.007687519715679194,-0.6000000000000001
0.00868970214593677,-0.7
0.01069406700645189,-0.8999999999999999
0.012698431866967006,-0.8999999999999999
0.014702796727482158,-1.0
0.016707161587997277,-1.2
0.01871152644851243,-1.3
0.020715891309027547,-1.3
0.022720256169542666,-1.3
0.02472462103005782,-1.2
0.026728985890572935,-1.3
0.028733350751088054,-1.3
0.030737715611603208,-1.3
0.03274208047211832,-1.4
0.03474644533263348,-1.3
0.036750810193148596,-1.4
0.038755175053663715,-1.3
0.04075953991417883,-1.4
0.04276390477469398,-1.3
0.044768269635209135,-1.3
0.046772634495724254,-1.3
0.04877699935623937,-1.2
0.05078136421675449,-1.2
0.05278572907726961,-1.3
0.0547900939377848,-1.2
0.05679445879829991,-1.0
0.05879882365881503,-1.0
0.060803188519330184,-0.8999999999999999
0.06280755337984527,-0.8999999999999999
0.06481191824036042,-0.8999999999999999
0.06681628310087553,-0.7
0.06882064796139069,-0.8999999999999999
0.07082501282190584,-0.8999999999999999
0.07282937768242093,-0.7
0.07483374254293608,-0.7
0.07683810740345116,-0.6000000000000001
0.07884247226396632,-0.6000000000000001
0.08084683712448147,-0.6000000000000001
0.08285120198499656,-0.6000000000000001
0.08485556684551171,-0.7
0.08685993170602685,-0.7
0.088864296566542,-0.6000000000000001
0.09086866142705716,-0.6000000000000001
0.09287302628757224,-0.4
0.0948773911480874,-0.4
0.09587957357834498,-0.4
0.09688175600860248,-0.4
0.09788393843886006,-0.4
0.09888612086911763,-0.4
0.0998883032993752,-0.4
0.10089048572963279,-0.30000000000000004
0.10189266815989029,-0.30000000000000004
0.10289485059014787,-0.30000000000000004
0.10389703302040544,-0.09999999999999998
0.10489921545066302,-0.4
0.1059013978809206,-0.4
0.10690358031117811,-0.4
0.10790576274143568,-0.4
0.10890794517169326,-0.4
0.11091231003220849,-0.4
0.11291667489272356,-0.30000000000000004
0.11492103975323871,-0.09999999999999998
0.1169254046137538,-0.09999999999999998
0.11892976947426895,0.0
0.1209341343347841,0.0
0.12293849919529919,0.0
0.12494286405581434,0.2
0.12694722891632942,0.0
0.12895159377684456,0.0
0.13095595863735973,-0.09999999999999998
0.13296032349787482,-0.09999999999999998
0.13496468835839004,0.0
0.13696905321890512,0.0
0.13897341807942026,0.0
0.14097778293993543,0.0
0.14298214780045052,0.0
0.14498651266096566,-0.09999999999999998
0.14699087752148074,0.0
0.1489952423819959,0.0
0.15099960724251105,0.0
0.15300397210302613,0.0
0.15500833696354127,0.0
0.15701270182405636,0.2
0.15901706668457152,-0.09999999999999998
0.16102143154508675,0.0
0.16302579640560183,0.0
0.16503016126611697,0.0
0.16703452612663205,0.0
0.16903889098714722,0.0
0.17104325584766236,-0.09999999999999998
0.17304762070817745,-0.09999999999999998
0.17505198556869261,-0.09999999999999998
0.17705635042920767,0.0
0.17906071528972284,0.0
0.18106508015023798,0.2
0.18306944501075306,0.0
0.18507380987126829,0.2
0.18707817473178337,0.0
0.18908253959229854,0.0
0.19108690445281368,0.0
0.19309126931332876,0.0
0.19509563417384393,-0.09999999999999998
0.197099999034359,0.2
0.19910436389487415,0.0
0.20110872875538932,0.0
0.20311309361590438,0.2
0.20511745847641955,0.2
0.20712182333693463,0.2
0.20912618819744985,0.2
0.211130553057965,0.2
0.21313491791848008,0.2
0.21513928277899524,0.0
0.21714364763951033,0.0
0.21914801250002547,0.0
0.22115237736054064,0.0
0.22315674222105572,0.0
0.22516110708157086,0.0
0.22716547194208594,0.0
0.22916983680260108,0.0
